Hospital,Hospital_Latitude,Hospital_Longitude
AH,1.2866,103.8013
CGH,1.3402,103.9496
FPH,1.3131,103.8542
KKH,1.3108,103.8469
KTPH,1.4246,103.8382
MAH,1.3419,103.8379
MEH,1.3056,103.8355
MEN,1.3056,103.8355
MENH,1.3222,103.844
NCID,1.3221,103.8472
NTFGH,1.290179968,103.8519897
NUH,1.2937,103.7832
SGH,1.2796,103.8359
SKH,1.3955,103.8934
PEH,1.315,103.9089
TTSH,1.3214,103.8458
