Hospital,Hospital_Latitude,Hospital_Longitude
SGH,1.2796,103.8359
SKH,1.3955,103.8934
NCID,1.3221,103.8472
CGH,1.3402,103.9496
KKH,1.3108,103.8469
MEN,1.3056,103.8355
KTPH,1.4246,103.8382
NUH,1.2937,103.7832
NTFGH,1.290179968,103.8519897
AH,1.2866,103.8013
